"sample_id"	"total_reads"	"chloroplast_reads"	"mitochondria_reads"	"bacteria_reads"	"tissue"	"bacteria"	"type"	"treatment"	"time"	"plate"	"library"	"notes"
"370(-)_SD_t2A"	360585	26318	18460	315807	"L_minor370_DWC112"	"none"	"treated_tissue"	"SD_treated"	2	"ducitaplate4"	"12267.1.247043.AACAGGTTCGC.fastq.gz"	NA
"370(-)_SD_t2B"	240084	46918	28196	164970	"L_minor370_DWC112"	"none"	"treated_tissue"	"SD_treated"	2	"ducitaplate4"	"12267.1.247043.ACACGGTGTCT.fastq.gz"	NA
"370(-)_SD_t7C"	429682	222834	8397	198451	"L_minor370_DWC112"	"none"	"treated_tissue"	"SD_treated"	7	"ducitaplate4"	"12267.1.247043.TGAATAGTCCG.fastq.gz"	NA
"370(-)_t2A"	449087	555	79	448453	"L_minor370_DWC112"	"none"	"ambient_water"	"none"	2	"ducitaplate4"	"12267.1.247043.AGGCGACCTTA.fastq.gz"	NA
"370(-)_W_t0A"	257512	132693	121377	3442	"L_minor370_DWC112"	"none"	"treated_tissue"	"water_treated"	0	"ducitaplate4"	"12267.1.247043.CTTGCTGAAGA.fastq.gz"	NA
"370(-)_W_t0B"	327957	166163	157372	4422	"L_minor370_DWC112"	"none"	"treated_tissue"	"water_treated"	0	"ducitaplate4"	"12267.1.247043.TCTAAGGCACG.fastq.gz"	NA
"370(-)_W_t2A"	397169	4381	6535	386253	"L_minor370_DWC112"	"none"	"treated_tissue"	"water_treated"	2	"ducitaplate4"	"12267.1.247043.GGTCCAACTAG.fastq.gz"	NA
"370(-)_W_t2B"	479945	6372	120901	352672	"L_minor370_DWC112"	"none"	"treated_tissue"	"water_treated"	2	"ducitaplate4"	"12267.1.247043.CTACAATGTCG.fastq.gz"	NA
"370(-)_W_t7C"	420493	7118	6079	407296	"L_minor370_DWC112"	"none"	"treated_tissue"	"water_treated"	7	"ducitaplate4"	"12267.1.247043.GAATCTTCGAG.fastq.gz"	NA
"370(1A)_SD_t2A"	344063	21963	40416	281684	"L_minor370_DWC112"	"MicrobacteriumRU1A"	"treated_tissue"	"SD_treated"	2	"ducitaplate4"	"12267.1.247043.TTAACGGCTGA.fastq.gz"	NA
"370(1A)_SD_t2B"	402918	9118	14034	379766	"L_minor370_DWC112"	"MicrobacteriumRU1A"	"treated_tissue"	"SD_treated"	2	"ducitaplate4"	"12267.1.247043.TAGGCCGACTT.fastq.gz"	NA
"370(1A)_SD_t2C"	306133	8615	10807	286711	"L_minor370_DWC112"	"MicrobacteriumRU1A"	"treated_tissue"	"SD_treated"	2	"ducitaplate4"	"12267.1.247043.TGGCACCGATT.fastq.gz"	NA
"370(1A)_SD_t7A"	364925	45662	10556	308707	"L_minor370_DWC112"	"MicrobacteriumRU1A"	"treated_tissue"	"SD_treated"	7	"ducitaplate4"	"12267.1.247043.CTTCTAAGGAG.fastq.gz"	NA
"370(1A)_SD_t7B"	437280	29672	9570	398038	"L_minor370_DWC112"	"MicrobacteriumRU1A"	"treated_tissue"	"SD_treated"	7	"ducitaplate4"	"12267.1.247043.ATTCATGGACG.fastq.gz"	NA
"370(1A)_SD_t7C"	355886	26888	5524	323474	"L_minor370_DWC112"	"MicrobacteriumRU1A"	"treated_tissue"	"SD_treated"	7	"ducitaplate4"	"12267.1.247043.TCTGGAACGCT.fastq.gz"	NA
"370(1A)_t2A"	505177	655	76	504446	"L_minor370_DWC112"	"MicrobacteriumRU1A"	"ambient_water"	"none"	2	"ducitaplate4"	"12267.1.247043.GTCCGCTGAAT.fastq.gz"	NA
"370(1A)_t2B"	425976	119	80	425777	"L_minor370_DWC112"	"MicrobacteriumRU1A"	"ambient_water"	"none"	2	"ducitaplate4"	"12267.1.247043.GAACACTTCTG.fastq.gz"	NA
"370(1A)_t2C"	462817	773	609	461435	"L_minor370_DWC112"	"MicrobacteriumRU1A"	"ambient_water"	"none"	2	"ducitaplate4"	"12267.1.247043.TGTCGGCTACA.fastq.gz"	NA
"370(1A)_t7A"	468934	157812	1719	309403	"L_minor370_DWC112"	"MicrobacteriumRU1A"	"ambient_water"	"none"	7	"ducitaplate4"	"12267.1.247043.TACCGCTAGTA.fastq.gz"	NA
"370(1A)_W_t0A"	354012	218072	128523	7417	"L_minor370_DWC112"	"MicrobacteriumRU1A"	"treated_tissue"	"water_treated"	0	"ducitaplate4"	"12267.1.247043.TTAGCGTCACG.fastq.gz"	NA
"370(1A)_W_t0B"	352972	153087	189256	10629	"L_minor370_DWC112"	"MicrobacteriumRU1A"	"treated_tissue"	"water_treated"	0	"ducitaplate4"	"12267.1.247043.ACTGTCGAAGC.fastq.gz"	NA
"370(1A)_W_t0C"	333684	141267	177008	15409	"L_minor370_DWC112"	"MicrobacteriumRU1A"	"treated_tissue"	"water_treated"	0	"ducitaplate4"	"12267.1.247043.CTAGTCAGCTG.fastq.gz"	NA
"370(1A)_W_t2A"	394927	3828	4547	386552	"L_minor370_DWC112"	"MicrobacteriumRU1A"	"treated_tissue"	"water_treated"	2	"ducitaplate4"	"12267.1.247043.GTAGCAACGTC.fastq.gz"	NA
"370(1A)_W_t2B"	374773	1479	2514	370780	"L_minor370_DWC112"	"MicrobacteriumRU1A"	"treated_tissue"	"water_treated"	2	"ducitaplate4"	"12267.1.247043.GCCTTAAGCGA.fastq.gz"	NA
"370(1A)_W_t2C"	361594	3850	3817	353927	"L_minor370_DWC112"	"MicrobacteriumRU1A"	"treated_tissue"	"water_treated"	2	"ducitaplate4"	"12267.1.247043.GACTTATAGGC.fastq.gz"	NA
"370(1A)_W_t7A"	511349	5900	10072	495377	"L_minor370_DWC112"	"MicrobacteriumRU1A"	"treated_tissue"	"water_treated"	7	"ducitaplate4"	"12267.1.247043.GATACGTCCTG.fastq.gz"	NA
"370(1A)_W_t7B"	519088	2441	3079	513568	"L_minor370_DWC112"	"MicrobacteriumRU1A"	"treated_tissue"	"water_treated"	7	"ducitaplate4"	"12267.1.247043.CATGAGTGCTA.fastq.gz"	NA
"370(1A)_W_t7C"	309437	599	1932	306906	"L_minor370_DWC112"	"MicrobacteriumRU1A"	"treated_tissue"	"water_treated"	7	"ducitaplate4"	"12267.1.247043.ACGCTATCTGG.fastq.gz"	NA
"370(3D)_SD_t2A"	318892	28134	27123	263635	"L_minor370_DWC112"	"BacillusRU3D"	"treated_tissue"	"SD_treated"	2	"ducitaplate4"	"12267.1.247043.GTTACCTCAGA.fastq.gz"	NA
"370(3D)_SD_t2B"	338823	74020	48892	215911	"L_minor370_DWC112"	"BacillusRU3D"	"treated_tissue"	"SD_treated"	2	"ducitaplate4"	"12267.1.247043.TCGCATGAAGT.fastq.gz"	NA
"370(3D)_t2A"	334047	20	16	334011	"L_minor370_DWC112"	"BacillusRU3D"	"ambient_water"	"none"	2	"ducitaplate4"	"12267.1.247043.ACGACGTCTTA.fastq.gz"	NA
"370(3D)_t2C"	352460	86	49	352325	"L_minor370_DWC112"	"BacillusRU3D"	"ambient_water"	"none"	2	"ducitaplate4"	"12267.1.247043.TAGTCAGGCCA.fastq.gz"	NA
"370(3D)_W_t0A"	339830	74830	89779	175221	"L_minor370_DWC112"	"BacillusRU3D"	"treated_tissue"	"water_treated"	0	"ducitaplate4"	"12267.1.247043.GCCGCTTAATA.fastq.gz"	NA
"370(3D)_W_t0B"	387736	87876	71509	228351	"L_minor370_DWC112"	"BacillusRU3D"	"treated_tissue"	"water_treated"	0	"ducitaplate4"	"12267.1.247043.TCAGAGGTTAC.fastq.gz"	NA
"370(3D)_W_t0C"	406873	85326	87356	234191	"L_minor370_DWC112"	"BacillusRU3D"	"treated_tissue"	"water_treated"	0	"ducitaplate4"	"12267.1.247043.GTCCAGTAATG.fastq.gz"	NA
"370(3D)_W_t2A"	286952	13778	9732	263442	"L_minor370_DWC112"	"BacillusRU3D"	"treated_tissue"	"water_treated"	2	"ducitaplate4"	"12267.1.247043.AGGCATCTTAC.fastq.gz"	NA
"370(3D)_W_t2C"	341197	16018	53156	272023	"L_minor370_DWC112"	"BacillusRU3D"	"treated_tissue"	"water_treated"	2	"ducitaplate4"	"12267.1.247043.GGTATGACTCA.fastq.gz"	NA
"370(3D)_W_t7A_1"	432495	15751	14993	401751	"L_minor370_DWC112"	"BacillusRU3D"	"treated_tissue"	"water_treated"	7	"ducitaplate4"	"12267.1.247043.CGGTACTTGCA.fastq.gz"	NA
"370(3D)_W_t7A_2"	371696	25968	17310	328418	"L_minor370_DWC112"	"BacillusRU3D"	"treated_tissue"	"water_treated"	7	"ducitaplate4"	"12267.1.247043.GTACGAATCCT.fastq.gz"	NA
"370(3D)_W_t7B_1"	334736	8458	6753	319525	"L_minor370_DWC112"	"BacillusRU3D"	"treated_tissue"	"water_treated"	7	"ducitaplate4"	"12267.1.247043.TCGCTGTAACA.fastq.gz"	NA
"370(3D)_W_t7B_2"	391009	20828	17613	352568	"L_minor370_DWC112"	"BacillusRU3D"	"treated_tissue"	"water_treated"	7	"ducitaplate4"	"12267.1.247043.CTCAGTATGCA.fastq.gz"	NA
"370(3D)_W_t7C_1"	436737	14497	8519	413721	"L_minor370_DWC112"	"BacillusRU3D"	"treated_tissue"	"water_treated"	7	"ducitaplate4"	"12267.1.247043.CTTGTAGGACC.fastq.gz"	NA
"370(3D)_W_t7C_2"	385708	25184	28115	332409	"L_minor370_DWC112"	"BacillusRU3D"	"treated_tissue"	"water_treated"	7	"ducitaplate4"	"12267.1.247043.GGTTGCACAAT.fastq.gz"	NA
"370(5A)_SD_t2A_1"	330820	35967	41914	252939	"L_minor370_DWC112"	"PaenibacillusRU5A"	"treated_tissue"	"SD_treated"	2	"ducitaplate4"	"12267.1.247043.AGCGATGCCTT.fastq.gz"	NA
"370(5A)_SD_t2A_2"	412543	17565	12793	382185	"L_minor370_DWC112"	"PaenibacillusRU5A"	"treated_tissue"	"SD_treated"	2	"ducitaplate4"	"12267.1.247043.TCCACAGGAGT.fastq.gz"	NA
"370(5A)_SD_t2B_1"	375202	18788	23684	332730	"L_minor370_DWC112"	"PaenibacillusRU5A"	"treated_tissue"	"SD_treated"	2	"ducitaplate4"	"12267.1.247043.CATCATGAGGC.fastq.gz"	NA
"370(5A)_SD_t2B_2"	250627	6749	7380	236498	"L_minor370_DWC112"	"PaenibacillusRU5A"	"treated_tissue"	"SD_treated"	2	"ducitaplate4"	"12267.1.247043.ACATCTTGACG.fastq.gz"	NA
"370(5A)_SD_t2C_1"	303147	8884	11026	283237	"L_minor370_DWC112"	"PaenibacillusRU5A"	"treated_tissue"	"SD_treated"	2	"ducitaplate4"	"12267.1.247043.GAAGTCTCGCA.fastq.gz"	NA
"370(5A)_SD_t2C_2"	345869	16157	18022	311690	"L_minor370_DWC112"	"PaenibacillusRU5A"	"treated_tissue"	"SD_treated"	2	"ducitaplate4"	"12267.1.247043.CGGACGTTCAT.fastq.gz"	NA
"370(5A)_SD_t2D_1"	335259	12366	30159	292734	"L_minor370_DWC112"	"PaenibacillusRU5A"	"treated_tissue"	"SD_treated"	2	"ducitaplate4"	"12267.1.247043.GCACGTTCTAA.fastq.gz"	NA
"370(5A)_SD_t2D_2"	338372	26512	14806	297054	"L_minor370_DWC112"	"PaenibacillusRU5A"	"treated_tissue"	"SD_treated"	2	"ducitaplate4"	"12267.1.247043.CTCTAAGCATG.fastq.gz"	NA
"370(5A)_t2C"	429663	172	27	429464	"L_minor370_DWC112"	"PaenibacillusRU5A"	"ambient_water"	"none"	2	"ducitaplate4"	"12267.1.247043.CCAGATGATCG.fastq.gz"	NA
"370(5A)_t2D"	411304	279	54	410971	"L_minor370_DWC112"	"PaenibacillusRU5A"	"ambient_water"	"none"	2	"ducitaplate4"	"12267.1.247043.ACTGTACGCGT.fastq.gz"	NA
"370(5A)_W_t0B"	383751	33434	45685	304632	"L_minor370_DWC112"	"PaenibacillusRU5A"	"treated_tissue"	"water_treated"	0	"ducitaplate4"	"12267.1.247043.ATCGGCGTTAC.fastq.gz"	NA
"370(5A)_W_t2B"	401990	3462	17860	380668	"L_minor370_DWC112"	"PaenibacillusRU5A"	"treated_tissue"	"water_treated"	2	"ducitaplate4"	"12267.1.247043.TCCTAGCAGTG.fastq.gz"	NA
"370(5A)_W_t7B"	392036	1050	2966	388020	"L_minor370_DWC112"	"PaenibacillusRU5A"	"treated_tissue"	"water_treated"	7	"ducitaplate4"	"12267.1.247043.TGCGCGAATAC.fastq.gz"	NA
"432(-)_SD_t2A"	281118	15507	29167	236444	"S_polyrhiza432_9509"	"none"	"treated_tissue"	"SD_treated"	2	"ducitaplate5"	"12495.1.260379.TTCAACAGGTG.fastq.gz"	NA
"432(-)_SD_t2B"	296837	66012	50109	180716	"S_polyrhiza432_9509"	"none"	"treated_tissue"	"SD_treated"	2	"ducitaplate5"	"12495.1.260379.AGCGTGTCCAA.fastq.gz"	NA
"432(-)_SD_t2C"	296802	22281	65829	208692	"S_polyrhiza432_9509"	"none"	"treated_tissue"	"SD_treated"	2	"ducitaplate5"	"12495.1.260379.CCTGGATATAG.fastq.gz"	NA
"432(-)_SD_t7C"	343423	83162	10017	250244	"S_polyrhiza432_9509"	"none"	"treated_tissue"	"SD_treated"	7	"ducitaplate5"	"12495.1.260379.ATGCGAGTATC.fastq.gz"	NA
"432(-)_SD_t7D"	302432	50281	7281	244870	"S_polyrhiza432_9509"	"none"	"treated_tissue"	"SD_treated"	7	"ducitaplate5"	"12495.1.260379.GTATCCATGCG.fastq.gz"	NA
"432(-)_t2B"	369418	38	117	369263	"S_polyrhiza432_9509"	"none"	"ambient_water"	"none"	2	"ducitaplate4"	"12267.1.247043.AGGAGCCTTCT.fastq.gz"	NA
"432(-)_t2C"	333684	81	40	333563	"S_polyrhiza432_9509"	"none"	"ambient_water"	"none"	2	"ducitaplate5"	"12495.1.260379.TAAGGCCTATC.fastq.gz"	NA
"432(-)_W_t0A"	313670	210531	97013	6126	"S_polyrhiza432_9509"	"none"	"treated_tissue"	"water_treated"	0	"ducitaplate4"	"12267.1.247043.TTCATACGGAC.fastq.gz"	NA
"432(-)_W_t0B"	319517	205111	111038	3368	"S_polyrhiza432_9509"	"none"	"treated_tissue"	"water_treated"	0	"ducitaplate4"	"12267.1.247043.CTTCGGCAGAA.fastq.gz"	NA
"432(-)_W_t2A"	367922	15851	8166	343905	"S_polyrhiza432_9509"	"none"	"treated_tissue"	"water_treated"	2	"ducitaplate5"	"12495.1.260379.AACTGTGCGTA.fastq.gz"	NA
"432(-)_W_t2B"	344467	27400	39454	277613	"S_polyrhiza432_9509"	"none"	"treated_tissue"	"water_treated"	2	"ducitaplate5"	"12495.1.260379.TGCGAACGTAT.fastq.gz"	NA
"432(-)_W_t7C"	369188	43241	5356	320591	"S_polyrhiza432_9509"	"none"	"treated_tissue"	"water_treated"	7	"ducitaplate5"	"12495.1.260379.CCAGTGTATGC.fastq.gz"	NA
"432(-)_W_t7D"	373067	62613	14879	295575	"S_polyrhiza432_9509"	"none"	"treated_tissue"	"water_treated"	7	"ducitaplate5"	"12495.1.260379.TGCTACCATGA.fastq.gz"	NA
"432(1A)_SD_t7A"	370723	202654	4426	163643	"S_polyrhiza432_9509"	"MicrobacteriumRU1A"	"treated_tissue"	"SD_treated"	7	"ducitaplate5"	"12495.1.260379.TGTCGGCTACA.fastq.gz"	NA
"432(1A)_SD_t7B"	364317	20061	14823	329433	"S_polyrhiza432_9509"	"MicrobacteriumRU1A"	"treated_tissue"	"SD_treated"	7	"ducitaplate5"	"12495.1.260379.GTAGCAACGTC.fastq.gz"	NA
"432(1A)_SD_t7C"	332396	51660	10852	269884	"S_polyrhiza432_9509"	"MicrobacteriumRU1A"	"treated_tissue"	"SD_treated"	7	"ducitaplate5"	"12495.1.260379.GCCTTAAGCGA.fastq.gz"	NA
"432(1A)_SD_t7D"	355389	16387	5504	333498	"S_polyrhiza432_9509"	"MicrobacteriumRU1A"	"treated_tissue"	"SD_treated"	7	"ducitaplate5"	"12495.1.260379.GACTTATAGGC.fastq.gz"	NA
"432(1A)_t2A"	347596	429	39	347128	"S_polyrhiza432_9509"	"MicrobacteriumRU1A"	"ambient_water"	"none"	2	"ducitaplate5"	"12495.1.260379.TCAGGCGCTTA.fastq.gz"	NA
"432(1A)_t2B"	313461	255	134	313072	"S_polyrhiza432_9509"	"MicrobacteriumRU1A"	"ambient_water"	"none"	2	"ducitaplate5"	"12495.1.260379.CAGACATTGCG.fastq.gz"	NA
"432(1A)_t2D"	371376	255	207	370914	"S_polyrhiza432_9509"	"MicrobacteriumRU1A"	"ambient_water"	"none"	2	"ducitaplate5"	"12495.1.260379.CTACAATGTCG.fastq.gz"	NA
"432(1A)_t7C"	338340	65250	383	272707	"S_polyrhiza432_9509"	"MicrobacteriumRU1A"	"ambient_water"	"none"	7	"ducitaplate5"	"12495.1.260379.TGAATAGTCCG.fastq.gz"	NA
"432(1A)_t7D"	360861	89438	445	270978	"S_polyrhiza432_9509"	"MicrobacteriumRU1A"	"ambient_water"	"none"	7	"ducitaplate5"	"12495.1.260379.TTAGCGTCACG.fastq.gz"	NA
"432(1A)_W_t0A"	226932	148418	73850	4664	"S_polyrhiza432_9509"	"MicrobacteriumRU1A"	"treated_tissue"	"water_treated"	0	"ducitaplate5"	"12495.1.260379.CTTGCTGAAGA.fastq.gz"	NA
"432(1A)_W_t0B"	295548	183699	106884	4965	"S_polyrhiza432_9509"	"MicrobacteriumRU1A"	"treated_tissue"	"water_treated"	0	"ducitaplate5"	"12495.1.260379.TCTAAGGCACG.fastq.gz"	NA
"432(1A)_W_t0C"	293060	184439	104286	4335	"S_polyrhiza432_9509"	"MicrobacteriumRU1A"	"treated_tissue"	"water_treated"	0	"ducitaplate5"	"12495.1.260379.AGGCGACCTTA.fastq.gz"	NA
"432(1A)_W_t2A"	266388	9796	5147	251445	"S_polyrhiza432_9509"	"MicrobacteriumRU1A"	"treated_tissue"	"water_treated"	2	"ducitaplate5"	"12495.1.260379.AACAGGTTCGC.fastq.gz"	NA
"432(1A)_W_t2B"	223800	7811	3631	212358	"S_polyrhiza432_9509"	"MicrobacteriumRU1A"	"treated_tissue"	"water_treated"	2	"ducitaplate5"	"12495.1.260379.ACACGGTGTCT.fastq.gz"	NA
"432(1A)_W_t2C"	330602	7899	3402	319301	"S_polyrhiza432_9509"	"MicrobacteriumRU1A"	"treated_tissue"	"water_treated"	2	"ducitaplate5"	"12495.1.260379.GACGCTAGTTC.fastq.gz"	NA
"432(1A)_W_t2D"	364800	5651	1783	357366	"S_polyrhiza432_9509"	"MicrobacteriumRU1A"	"treated_tissue"	"water_treated"	2	"ducitaplate5"	"12495.1.260379.GATAGTGCCAC.fastq.gz"	NA
"432(1A)_W_t7A"	323156	20504	2335	300317	"S_polyrhiza432_9509"	"MicrobacteriumRU1A"	"treated_tissue"	"water_treated"	7	"ducitaplate5"	"12495.1.260379.ACTGTCGAAGC.fastq.gz"	NA
"432(1A)_W_t7B"	277793	15722	1362	260709	"S_polyrhiza432_9509"	"MicrobacteriumRU1A"	"treated_tissue"	"water_treated"	7	"ducitaplate5"	"12495.1.260379.CTAGTCAGCTG.fastq.gz"	NA
"432(1A)_W_t7C"	339279	4286	1460	333533	"S_polyrhiza432_9509"	"MicrobacteriumRU1A"	"treated_tissue"	"water_treated"	7	"ducitaplate5"	"12495.1.260379.GTCCGCTGAAT.fastq.gz"	NA
"432(1A)_W_t7D"	391539	55848	3192	332499	"S_polyrhiza432_9509"	"MicrobacteriumRU1A"	"treated_tissue"	"water_treated"	7	"ducitaplate5"	"12495.1.260379.GAACACTTCTG.fastq.gz"	NA
"432(3D)_SD_t2A"	279135	28933	36533	213669	"S_polyrhiza432_9509"	"BacillusRU3D"	"treated_tissue"	"SD_treated"	2	"ducitaplate5"	"12495.1.260379.ACGCTATCTGG.fastq.gz"	NA
"432(3D)_SD_t2B"	246459	17851	24872	203736	"S_polyrhiza432_9509"	"BacillusRU3D"	"treated_tissue"	"SD_treated"	2	"ducitaplate5"	"12495.1.260379.CTTCTAAGGAG.fastq.gz"	NA
"432(3D)_SD_t2C"	323637	21405	78092	224140	"S_polyrhiza432_9509"	"BacillusRU3D"	"treated_tissue"	"SD_treated"	2	"ducitaplate5"	"12495.1.260379.ATTCATGGACG.fastq.gz"	NA
"432(3D)_t0A"	286731	67043	79002	140686	"S_polyrhiza432_9509"	"BacillusRU3D"	"treated_tissue"	"water_treated"	0	"ducitaplate5"	"12495.1.260379.TTAACGGCTGA.fastq.gz"	NA
"432(3D)_t0B"	308372	91431	108007	108934	"S_polyrhiza432_9509"	"BacillusRU3D"	"treated_tissue"	"water_treated"	0	"ducitaplate5"	"12495.1.260379.TAGGCCGACTT.fastq.gz"	NA
"432(3D)_t2A"	313178	11	12	313155	"S_polyrhiza432_9509"	"BacillusRU3D"	"ambient_water"	"water_treated"	2	"ducitaplate5"	"12495.1.260379.TGGCACCGATT.fastq.gz"	NA
"432(3D)_t2B"	313975	8	127	313840	"S_polyrhiza432_9509"	"BacillusRU3D"	"ambient_water"	"water_treated"	2	"ducitaplate5"	"12495.1.260379.TACCGCTAGTA.fastq.gz"	NA
"432(3D)_W_t2A"	262727	10041	18815	233871	"S_polyrhiza432_9509"	"BacillusRU3D"	"treated_tissue"	"water_treated"	2	"ducitaplate5"	"12495.1.260379.ATGGCAGCTCT.fastq.gz"	NA
"432(3D)_W_t2B"	341029	14036	26124	300869	"S_polyrhiza432_9509"	"BacillusRU3D"	"treated_tissue"	"water_treated"	2	"ducitaplate5"	"12495.1.260379.GATACGTCCTG.fastq.gz"	NA
"432(3D)_W_t2C"	310714	5059	40388	265267	"S_polyrhiza432_9509"	"BacillusRU3D"	"treated_tissue"	"water_treated"	2	"ducitaplate5"	"12495.1.260379.CATGAGTGCTA.fastq.gz"	NA
"432(5A)_SD_t2A"	277411	22477	13030	241904	"S_polyrhiza432_9509"	"PaenibacillusRU5A"	"treated_tissue"	"SD_treated"	2	"ducitaplate5"	"12495.1.260379.TAGTCAGGCCA.fastq.gz"	NA
"432(5A)_SD_t2B"	156208	8982	4620	142606	"S_polyrhiza432_9509"	"PaenibacillusRU5A"	"treated_tissue"	"SD_treated"	2	"ducitaplate5"	"12495.1.260379.AGGCATCTTAC.fastq.gz"	NA
"432(5A)_SD_t2C"	272953	11047	8900	253006	"S_polyrhiza432_9509"	"PaenibacillusRU5A"	"treated_tissue"	"SD_treated"	2	"ducitaplate5"	"12495.1.260379.GGTATGACTCA.fastq.gz"	NA
"432(5A)_SD_t7A"	339612	8548	4893	326171	"S_polyrhiza432_9509"	"PaenibacillusRU5A"	"treated_tissue"	"SD_treated"	7	"ducitaplate5"	"12495.1.260379.TCGCTGTAACA.fastq.gz"	NA
"432(5A)_SD_t7B"	296166	3565	3071	289530	"S_polyrhiza432_9509"	"PaenibacillusRU5A"	"treated_tissue"	"SD_treated"	7	"ducitaplate5"	"12495.1.260379.CTTGTAGGACC.fastq.gz"	NA
"432(5A)_SD_t7C"	311662	57752	4845	249065	"S_polyrhiza432_9509"	"PaenibacillusRU5A"	"treated_tissue"	"SD_treated"	7	"ducitaplate5"	"12495.1.260379.GTACGAATCCT.fastq.gz"	NA
"432(5A)_W_t7A"	322916	16533	1899	304484	"S_polyrhiza432_9509"	"PaenibacillusRU5A"	"treated_tissue"	"water_treated"	7	"ducitaplate5"	"12495.1.260379.CAATTGTGCAC.fastq.gz"	NA
"432(5A)_W_t7B"	367157	5560	4678	356919	"S_polyrhiza432_9509"	"PaenibacillusRU5A"	"treated_tissue"	"water_treated"	7	"ducitaplate5"	"12495.1.260379.CACATTGTGAG.fastq.gz"	NA
"432(5A)_W_t7C"	377537	14174	3446	359917	"S_polyrhiza432_9509"	"PaenibacillusRU5A"	"treated_tissue"	"water_treated"	7	"ducitaplate5"	"12495.1.260379.CGGTACTTGCA.fastq.gz"	NA
