"sample_id"	"tissue"	"bacteria"	"type"	"treatment"	"time"	"plate"	"library"	"notes"
"370(-)_W_t0A"	"L_minor370_DWC112"	"none"	"treated_tissue"	"water_treated"	0	"ducitaplate4"	"12267.1.247043.CTTGCTGAAGA.fastq.gz"	NA
"370(-)_W_t0B"	"L_minor370_DWC112"	"none"	"treated_tissue"	"water_treated"	0	"ducitaplate4"	"12267.1.247043.TCTAAGGCACG.fastq.gz"	NA
"432(-)_W_t0A"	"S_polyrhiza432_9509"	"none"	"treated_tissue"	"water_treated"	0	"ducitaplate4"	"12267.1.247043.TTCATACGGAC.fastq.gz"	NA
"432(-)_W_t0B"	"S_polyrhiza432_9509"	"none"	"treated_tissue"	"water_treated"	0	"ducitaplate4"	"12267.1.247043.CTTCGGCAGAA.fastq.gz"	NA
"370(-)_t2A"	"L_minor370_DWC112"	"none"	"ambient_water"	"none"	2	"ducitaplate4"	"12267.1.247043.AGGCGACCTTA.fastq.gz"	NA
"370(-)_W_t2A"	"L_minor370_DWC112"	"none"	"treated_tissue"	"water_treated"	2	"ducitaplate4"	"12267.1.247043.GGTCCAACTAG.fastq.gz"	NA
"370(-)_W_t2B"	"L_minor370_DWC112"	"none"	"treated_tissue"	"water_treated"	2	"ducitaplate4"	"12267.1.247043.CTACAATGTCG.fastq.gz"	NA
"370(-)_SD_t2A"	"L_minor370_DWC112"	"none"	"treated_tissue"	"SD_treated"	2	"ducitaplate4"	"12267.1.247043.AACAGGTTCGC.fastq.gz"	NA
"370(-)_SD_t2B"	"L_minor370_DWC112"	"none"	"treated_tissue"	"SD_treated"	2	"ducitaplate4"	"12267.1.247043.ACACGGTGTCT.fastq.gz"	NA
"432(-)_t2B"	"S_polyrhiza432_9509"	"none"	"ambient_water"	"none"	2	"ducitaplate4"	"12267.1.247043.AGGAGCCTTCT.fastq.gz"	NA
"432(-)_t2C"	"S_polyrhiza432_9509"	"none"	"ambient_water"	"none"	2	"ducitaplate5"	"12495.1.260379.TAAGGCCTATC.fastq.gz"	NA
"432(-)_W_t2A"	"S_polyrhiza432_9509"	"none"	"treated_tissue"	"water_treated"	2	"ducitaplate5"	"12495.1.260379.AACTGTGCGTA.fastq.gz"	NA
"432(-)_W_t2B"	"S_polyrhiza432_9509"	"none"	"treated_tissue"	"water_treated"	2	"ducitaplate5"	"12495.1.260379.TGCGAACGTAT.fastq.gz"	NA
"432(-)_SD_t2A"	"S_polyrhiza432_9509"	"none"	"treated_tissue"	"SD_treated"	2	"ducitaplate5"	"12495.1.260379.TTCAACAGGTG.fastq.gz"	NA
"432(-)_SD_t2B"	"S_polyrhiza432_9509"	"none"	"treated_tissue"	"SD_treated"	2	"ducitaplate5"	"12495.1.260379.AGCGTGTCCAA.fastq.gz"	NA
"432(-)_SD_t2C"	"S_polyrhiza432_9509"	"none"	"treated_tissue"	"SD_treated"	2	"ducitaplate5"	"12495.1.260379.CCTGGATATAG.fastq.gz"	NA
"370(-)_W_t7C"	"L_minor370_DWC112"	"none"	"treated_tissue"	"water_treated"	7	"ducitaplate4"	"12267.1.247043.GAATCTTCGAG.fastq.gz"	NA
"370(-)_SD_t7C"	"L_minor370_DWC112"	"none"	"treated_tissue"	"SD_treated"	7	"ducitaplate4"	"12267.1.247043.TGAATAGTCCG.fastq.gz"	NA
"432(-)_W_t7C"	"S_polyrhiza432_9509"	"none"	"treated_tissue"	"water_treated"	7	"ducitaplate5"	"12495.1.260379.CCAGTGTATGC.fastq.gz"	NA
"432(-)_W_t7D"	"S_polyrhiza432_9509"	"none"	"treated_tissue"	"water_treated"	7	"ducitaplate5"	"12495.1.260379.TGCTACCATGA.fastq.gz"	NA
"432(-)_SD_t7C"	"S_polyrhiza432_9509"	"none"	"treated_tissue"	"SD_treated"	7	"ducitaplate5"	"12495.1.260379.ATGCGAGTATC.fastq.gz"	NA
"432(-)_SD_t7D"	"S_polyrhiza432_9509"	"none"	"treated_tissue"	"SD_treated"	7	"ducitaplate5"	"12495.1.260379.GTATCCATGCG.fastq.gz"	NA
